Date,Open,High,Low,Close,Adj Close,Volume
2011-05-12,1050.0,1050.0,1050.0,1050.0,1050.0,11.0
2011-05-17,1070.0,1070.0,1070.0,1070.0,1070.0,0.0
2011-05-27,1070.0,1070.0,1070.0,1070.0,1070.0,0.0
2011-06-01,1070.0,1070.0,1070.0,1070.0,1070.0,0.0
2011-06-06,1070.0,1070.0,1070.0,1070.0,1070.0,0.0
2011-06-16,1070.0,1070.0,1070.0,1070.0,1070.0,0.0
2011-06-21,1070.0,1070.0,1070.0,1070.0,1070.0,0.0
2011-07-01,1070.0,1070.0,1070.0,1070.0,1070.0,0.0
2011-07-06,1070.0,1070.0,1070.0,1070.0,1070.0,0.0
2011-07-11,1110.0,1200.0,1110.0,1200.0,1200.0,2.0
2011-07-21,1200.0,1200.0,1200.0,1200.0,1200.0,0.0
2011-07-26,1200.0,1200.0,1200.0,1200.0,1200.0,0.0
2011-08-05,1020.0,1020.0,1020.0,1020.0,1020.0,0.0
2011-08-10,1020.0,1020.0,1020.0,1020.0,1020.0,0.0
2011-08-15,1020.0,1020.0,1020.0,1020.0,1020.0,0.0
2011-08-25,1020.0,1020.0,1020.0,1020.0,1020.0,0.0
2011-08-30,980.0,980.0,980.0,980.0,980.0,2.0
2011-09-09,800.0,800.0,800.0,800.0,800.0,0.0
2011-09-14,800.0,800.0,800.0,800.0,800.0,0.0
2011-09-19,910.0,910.0,910.0,910.0,910.0,0.0
2011-09-29,910.0,910.0,910.0,910.0,910.0,0.0
2011-10-04,910.0,910.0,910.0,910.0,910.0,0.0
2011-10-14,880.0,880.0,880.0,880.0,880.0,0.0
2011-10-19,880.0,880.0,880.0,880.0,880.0,0.0
2011-10-24,930.0,930.0,930.0,930.0,930.0,0.0
2011-11-03,1000.0,1000.0,1000.0,1000.0,1000.0,0.0
2011-11-08,1030.0,1040.0,1030.0,1040.0,1040.0,5.0
2011-11-18,1290.0,1290.0,1290.0,1290.0,1290.0,0.0
2011-11-23,1240.0,1240.0,1240.0,1240.0,1240.0,0.0
2011-11-28,1240.0,1240.0,1240.0,1240.0,1240.0,0.0
2011-12-08,1750.0,1750.0,1750.0,1750.0,1750.0,2.0
2011-12-13,1750.0,1750.0,1750.0,1750.0,1750.0,0.0
2011-12-23,1370.0,1370.0,1370.0,1370.0,1370.0,3.0
2011-12-28,1370.0,1370.0,1370.0,1370.0,1370.0,0.0
2012-01-12,1350.0,1350.0,1350.0,1350.0,1350.0,0.0
2012-01-17,1380.0,1380.0,1380.0,1380.0,1380.0,0.0
2012-01-27,1380.0,1380.0,1380.0,1380.0,1380.0,0.0
2012-02-01,1380.0,1380.0,1380.0,1380.0,1380.0,0.0
2012-02-06,1380.0,1380.0,1380.0,1380.0,1380.0,0.0
2012-02-16,1680.0,1680.0,1680.0,1680.0,1680.0,0.0
2012-02-21,1740.0,1740.0,1740.0,1740.0,1740.0,2.0
2012-03-02,1570.0,1570.0,1570.0,1570.0,1570.0,0.0
2012-03-07,1400.0,1400.0,1400.0,1400.0,1400.0,5.0
2012-03-12,1410.0,1410.0,1410.0,1410.0,1410.0,0.0
2012-03-22,1470.0,1470.0,1470.0,1470.0,1470.0,0.0
2012-03-27,1460.0,1460.0,1460.0,1460.0,1460.0,2.0
2012-04-11,1430.0,1430.0,1430.0,1430.0,1430.0,0.0
2012-04-16,1430.0,1430.0,1430.0,1430.0,1430.0,0.0
2012-04-26,1430.0,1430.0,1430.0,1430.0,1430.0,0.0
2012-05-01,1270.0,1270.0,1270.0,1270.0,1270.0,0.0
2012-05-11,1270.0,1270.0,1270.0,1270.0,1270.0,0.0
2012-05-16,1270.0,1270.0,1270.0,1270.0,1270.0,0.0
2012-05-21,1360.0,1360.0,1360.0,1360.0,1360.0,0.0
2012-05-31,1260.0,1260.0,1260.0,1260.0,1260.0,0.0
2012-06-05,1260.0,1260.0,1260.0,1260.0,1260.0,0.0
2012-06-15,970.0,970.0,970.0,970.0,970.0,20.0
2012-06-20,970.0,970.0,970.0,970.0,970.0,0.0
2012-06-25,970.0,970.0,970.0,970.0,970.0,0.0
2012-07-05,970.0,970.0,970.0,970.0,970.0,0.0
2012-07-10,970.0,970.0,970.0,970.0,970.0,0.0
2012-07-20,970.0,970.0,970.0,970.0,970.0,0.0
2012-07-25,1260.0,1260.0,1240.0,1240.0,1240.0,6.0
2012-07-30,1240.0,1240.0,1240.0,1240.0,1240.0,0.0
2012-08-09,1300.0,1300.0,1300.0,1300.0,1300.0,0.0
2012-08-14,1320.0,1320.0,1320.0,1320.0,1320.0,0.0
2012-08-24,1300.0,1300.0,1300.0,1300.0,1300.0,0.0
2012-08-29,1310.0,1310.0,1310.0,1310.0,1310.0,2.0
2012-09-13,1310.0,1310.0,1310.0,1310.0,1310.0,0.0
2012-09-18,1330.0,1330.0,1330.0,1330.0,1330.0,1.0
2012-09-28,1430.0,1430.0,1430.0,1430.0,1430.0,0.0
2012-10-03,1520.0,1520.0,1520.0,1520.0,1520.0,0.0
2012-10-08,1620.0,1620.0,1620.0,1620.0,1620.0,0.0
2012-10-18,1400.0,1400.0,1400.0,1400.0,1400.0,0.0
2012-10-23,1400.0,1400.0,1400.0,1400.0,1400.0,0.0
2012-11-02,1450.0,1450.0,1450.0,1450.0,1450.0,0.0
2012-11-07,1450.0,1450.0,1450.0,1450.0,1450.0,0.0
2012-11-12,1450.0,1450.0,1450.0,1450.0,1450.0,0.0
2012-11-27,1400.0,1400.0,1400.0,1400.0,1400.0,0.0
2012-12-07,1400.0,1400.0,1400.0,1400.0,1400.0,0.0
2012-12-12,1400.0,1400.0,1400.0,1400.0,1400.0,0.0
2012-12-17,1690.0,1690.0,1690.0,1690.0,1690.0,4.0
2012-12-27,1700.0,1700.0,1700.0,1700.0,1700.0,0.0
2013-01-11,1790.0,1790.0,1790.0,1790.0,1790.0,0.0
2013-01-16,2000.0,2000.0,2000.0,2000.0,2000.0,2.0
2013-01-31,2010.0,2010.0,2010.0,2010.0,2010.0,0.0
2013-02-05,2450.0,2450.0,2450.0,2450.0,2450.0,0.0
2013-02-15,2500.0,2500.0,2500.0,2500.0,2500.0,0.0
2013-02-20,2500.0,2500.0,2500.0,2500.0,2500.0,0.0
2013-02-25,2500.0,2500.0,2500.0,2500.0,2500.0,0.0
2013-03-07,2460.0,2460.0,2460.0,2460.0,2460.0,3.0
2013-03-12,2460.0,2460.0,2460.0,2460.0,2460.0,0.0
2013-03-22,2500.0,2500.0,2500.0,2500.0,2500.0,0.0
2013-03-27,2550.0,2550.0,2550.0,2550.0,2550.0,0.0
2013-04-01,2550.0,2550.0,2550.0,2550.0,2550.0,0.0
2013-04-11,2420.0,2420.0,2420.0,2420.0,2420.0,0.0
2013-04-16,2310.0,2310.0,2290.0,2290.0,2290.0,4.0
2013-04-26,2290.0,2290.0,2290.0,2290.0,2290.0,0.0
2013-05-01,2390.0,2390.0,2390.0,2390.0,2390.0,5.0
2013-05-06,2390.0,2390.0,2390.0,2390.0,2390.0,0.0
2013-05-16,2470.0,2470.0,2470.0,2470.0,2470.0,0.0
2013-05-21,2470.0,2470.0,2470.0,2470.0,2470.0,0.0
2013-05-31,2430.0,2430.0,2430.0,2430.0,2430.0,0.0
2013-06-05,2470.0,2470.0,2470.0,2470.0,2470.0,3.0
2013-06-10,2470.0,2470.0,2470.0,2470.0,2470.0,0.0
2013-06-20,2870.0,2870.0,2870.0,2870.0,2870.0,0.0
2013-06-25,2600.0,2600.0,2600.0,2600.0,2600.0,3.0
2013-07-05,2590.0,2590.0,2590.0,2590.0,2590.0,2.0
2013-07-10,2610.0,2610.0,2610.0,2610.0,2610.0,0.0
2013-07-15,2610.0,2610.0,2610.0,2610.0,2610.0,0.0
2013-07-25,2480.0,2480.0,2480.0,2480.0,2480.0,0.0
2013-07-30,2550.0,2550.0,2550.0,2550.0,2550.0,0.0
2013-08-09,2650.0,2650.0,2650.0,2650.0,2650.0,0.0
2013-08-14,2660.0,2660.0,2660.0,2660.0,2660.0,0.0
2013-08-19,2740.0,2740.0,2740.0,2740.0,2740.0,0.0
2013-08-29,2740.0,2740.0,2740.0,2740.0,2740.0,0.0
2013-09-03,2620.0,2620.0,2620.0,2620.0,2620.0,1.0
2013-09-13,2570.0,2570.0,2570.0,2570.0,2570.0,1.0
2013-09-18,2480.0,2480.0,2480.0,2480.0,2480.0,0.0
2013-09-23,2480.0,2480.0,2480.0,2480.0,2480.0,0.0
2013-10-03,2430.0,2430.0,2430.0,2430.0,2430.0,0.0
2013-10-08,2430.0,2430.0,2430.0,2430.0,2430.0,0.0
2013-10-18,2240.0,2240.0,2240.0,2240.0,2240.0,0.0
2013-10-23,2300.0,2300.0,2300.0,2300.0,2300.0,0.0
2013-10-28,2400.0,2640.0,2400.0,2630.0,2630.0,11.0
2013-11-07,3650.0,3840.0,3650.0,3840.0,3840.0,3.0
2013-11-12,4330.0,4330.0,4070.0,4070.0,4070.0,3.0
2013-11-22,4050.0,4050.0,4050.0,4050.0,4050.0,0.0
2013-11-27,4010.0,4010.0,4000.0,4000.0,4000.0,2.0
2013-12-02,4000.0,4000.0,4000.0,4000.0,4000.0,0.0
2013-12-12,3970.0,3970.0,3970.0,3970.0,3970.0,0.0
2013-12-17,3790.0,3790.0,3790.0,3790.0,3790.0,2.0
2013-12-27,3720.0,3720.0,3720.0,3720.0,3720.0,0.0
2014-01-06,3740.0,3850.0,3740.0,3850.0,3850.0,10.0
2014-01-16,4040.0,4090.0,4040.0,4090.0,4090.0,3.0
2014-01-21,3990.0,3990.0,3990.0,3990.0,3990.0,3.0
2014-01-31,3860.0,3870.0,3080.0,3090.0,3090.0,52.0
2014-02-05,6090.0,6300.0,5170.0,5390.0,5390.0,18.0
2014-02-10,5200.0,5200.0,5080.0,5130.0,5130.0,3.0
2014-02-20,5250.0,5250.0,5240.0,5240.0,5240.0,2.0
2014-02-25,5770.0,5770.0,5770.0,5770.0,5770.0,0.0
2014-03-07,6770.0,6830.0,6510.0,6510.0,6510.0,6.0
2014-03-12,6680.0,6910.0,6680.0,6910.0,6910.0,3.0
2014-03-17,6910.0,6920.0,6910.0,6920.0,6920.0,0.0
2014-03-27,6040.0,6040.0,5950.0,5950.0,5950.0,7.0
2014-04-01,5940.0,6330.0,5940.0,6330.0,6330.0,2.0
2014-04-11,6190.0,6190.0,6190.0,6190.0,6190.0,0.0
2014-04-16,5890.0,5920.0,5890.0,5920.0,5920.0,1.0
2014-04-21,5670.0,5920.0,5530.0,5910.0,5910.0,3.0
2014-05-01,6000.0,6000.0,6000.0,6000.0,6000.0,1.0
2014-05-06,6250.0,6360.0,6250.0,6360.0,6360.0,3.0
2014-05-16,6360.0,6400.0,6350.0,6400.0,6400.0,2.0
2014-05-21,6960.0,6960.0,6960.0,6960.0,6960.0,0.0
2014-06-05,6380.0,6450.0,6250.0,6250.0,6250.0,8.0
2014-06-10,5750.0,6110.0,5660.0,6000.0,6000.0,4.0
2014-06-20,6400.0,6500.0,6250.0,6500.0,6500.0,1.0
2014-06-25,6250.0,6340.0,6250.0,6330.0,6330.0,5.0
2014-06-30,6250.0,6250.0,6100.0,6250.0,6250.0,21.0
2014-07-10,6100.0,6150.0,6100.0,6100.0,6100.0,5.0
2014-07-15,6400.0,6450.0,6200.0,6450.0,6450.0,30.0
2014-07-25,6200.0,6200.0,6100.0,6120.0,6120.0,13.0
2014-07-30,6050.0,6100.0,6050.0,6100.0,6100.0,7.0
2014-08-04,6450.0,6450.0,6250.0,6250.0,6250.0,1.0
2014-08-14,5960.0,6330.0,5690.0,5800.0,5800.0,101.0
2014-08-19,5660.0,5660.0,4510.0,5310.0,5310.0,61.0
2014-08-29,5400.0,5400.0,5160.0,5200.0,5200.0,2.0
2014-09-03,5250.0,5320.0,4850.0,5320.0,5320.0,12.0
2014-09-08,5310.0,5330.0,5110.0,5110.0,5110.0,1.0
2014-09-18,5850.0,6750.0,5800.0,6750.0,6750.0,11.0
2014-09-23,6250.0,6250.0,6000.0,6000.0,6000.0,2.0
2014-10-03,5400.0,5400.0,5220.0,5390.0,5390.0,6.0
2014-10-08,5350.0,5500.0,5350.0,5500.0,5500.0,5.0
2014-10-13,5750.0,5750.0,4890.0,5150.0,5150.0,9.0
2014-10-23,5750.0,5970.0,5460.0,5970.0,5970.0,5.0
2014-10-28,5510.0,5640.0,5510.0,5630.0,5630.0,1.0
2014-11-07,5700.0,5780.0,5700.0,5780.0,5780.0,1.0
2014-11-12,6100.0,6680.0,6100.0,6680.0,6680.0,31.0
2014-11-17,6210.0,6320.0,6160.0,6310.0,6310.0,2.0
2014-12-02,6350.0,6380.0,6210.0,6380.0,6380.0,6.0
2014-12-12,6180.0,6250.0,6180.0,6180.0,6180.0,4.0
2014-12-17,6350.0,6420.0,6260.0,6350.0,6350.0,12.0
2014-12-22,6490.0,6740.0,6490.0,6720.0,6720.0,2.0
2015-01-06,6830.0,6830.0,6500.0,6720.0,6720.0,8.0
2015-01-16,8500.0,8500.0,7520.0,8250.0,8250.0,112.0
2015-01-21,8300.0,8600.0,8200.0,8600.0,8600.0,110.0
2015-01-26,8460.0,8710.0,8240.0,8710.0,8710.0,23.0
2015-02-05,9100.0,9150.0,8920.0,9150.0,9150.0,55.0
2015-02-10,8900.0,8900.0,8700.0,8750.0,8750.0,29.0
2015-02-20,9170.0,9600.0,9020.0,9540.0,9540.0,90.0
2015-02-25,9500.0,9900.0,9500.0,9900.0,9900.0,455.0
2015-03-02,9900.0,9900.0,9660.0,9670.0,9670.0,110.0
2015-03-12,8830.0,9150.0,8610.0,8870.0,8870.0,38.0
2015-03-17,9190.0,9600.0,9150.0,9360.0,9360.0,47.0
2015-03-27,9000.0,9390.0,8290.0,8910.0,8910.0,143.0
2015-04-01,9030.0,9090.0,8870.0,8990.0,8990.0,28.0
2015-04-06,8860.0,9120.0,8860.0,9000.0,9000.0,40.0
2015-04-16,8930.0,8930.0,8710.0,8800.0,8800.0,17.0
2015-04-21,9000.0,9000.0,8770.0,8890.0,8890.0,76.0
2015-05-01,8340.0,8480.0,8190.0,8330.0,8330.0,16.0
2015-05-06,8150.0,8260.0,7860.0,8240.0,8240.0,30.0
2015-05-11,7800.0,7800.0,7280.0,7370.0,7370.0,57.0
2015-05-21,7500.0,7530.0,7010.0,7440.0,7440.0,89.0
2015-05-26,6910.0,7140.0,6600.0,7090.0,7090.0,115.0
2015-06-05,6880.0,6980.0,6800.0,6960.0,6960.0,19.0
2015-06-10,7040.0,7380.0,7020.0,7080.0,7080.0,51.0
2015-06-15,7300.0,7340.0,7050.0,7280.0,7280.0,10.0
2015-06-25,7030.0,7100.0,6810.0,6980.0,6980.0,10.0
2015-06-30,7040.0,7040.0,6780.0,6840.0,6840.0,15.0
2015-07-10,6540.0,6700.0,6300.0,6590.0,6590.0,196.0
2015-07-15,6530.0,6700.0,6230.0,6240.0,6240.0,15.0
2015-07-20,5900.0,6060.0,5540.0,5900.0,5900.0,58.0
2015-07-30,5590.0,5980.0,5570.0,5780.0,5780.0,30.0
2015-08-04,5790.0,5890.0,5750.0,5850.0,5850.0,13.0
2015-08-14,5190.0,5190.0,4750.0,4790.0,4790.0,21.0
2015-08-19,4430.0,4440.0,4080.0,4170.0,4170.0,62.0
2015-08-24,4000.0,4350.0,4000.0,4180.0,4180.0,57.0
2015-09-03,5900.0,6500.0,5840.0,6420.0,6420.0,74.0
2015-09-08,6380.0,6500.0,6250.0,6360.0,6360.0,28.0
2015-09-18,5890.0,6130.0,5790.0,5900.0,5900.0,15.0
2015-09-23,5930.0,5970.0,5810.0,5810.0,5810.0,3.0
2015-09-28,5500.0,5520.0,4990.0,5000.0,5000.0,46.0
2015-10-08,4120.0,4160.0,4060.0,4060.0,4060.0,9.0
2015-10-13,3900.0,4470.0,3740.0,4240.0,4240.0,65.0
2015-10-23,5370.0,5480.0,5320.0,5370.0,5370.0,8.0
2015-10-28,5440.0,5670.0,5370.0,5490.0,5490.0,19.0
2015-11-02,5600.0,5740.0,4860.0,5010.0,5010.0,121.0
2015-11-12,4770.0,4800.0,4270.0,4270.0,4270.0,42.0
2015-11-17,4560.0,4780.0,4500.0,4660.0,4660.0,33.0
2015-11-27,4960.0,4990.0,4910.0,4960.0,4960.0,3.0
2015-12-02,4500.0,4690.0,4090.0,4280.0,4280.0,63.0
2015-12-07,4070.0,4140.0,3970.0,4000.0,4000.0,19.0
2015-12-17,3680.0,3680.0,3510.0,3600.0,3600.0,41.0
2015-12-22,3480.0,3590.0,3480.0,3580.0,3580.0,15.0
2016-01-06,4280.0,4370.0,4200.0,4230.0,4230.0,6.0
2016-01-11,4300.0,4710.0,4180.0,4590.0,4590.0,42.0
2016-01-21,2990.0,3810.0,2900.0,3550.0,3550.0,87.0
2016-01-26,3480.0,3580.0,3380.0,3510.0,3510.0,17.0
2016-02-05,3250.0,3340.0,3250.0,3300.0,3300.0,11.0
2016-02-10,3380.0,3390.0,3340.0,3380.0,3380.0,1.0
2016-02-25,3250.0,3520.0,3240.0,3500.0,3500.0,14.0
2016-03-01,4080.0,4080.0,3920.0,3940.0,3940.0,9.0
2016-03-11,3930.0,4000.0,3790.0,4000.0,4000.0,4.0
2016-03-16,3980.0,4230.0,3860.0,4230.0,4230.0,34.0
2016-03-21,4300.0,4370.0,3950.0,3990.0,3990.0,28.0
2016-03-31,4010.0,4350.0,4010.0,4180.0,4180.0,45.0
2016-04-05,4170.0,4300.0,4160.0,4190.0,4190.0,7.0
2016-04-15,3900.0,3900.0,3890.0,3890.0,3890.0,2.0
2016-04-20,3600.0,3630.0,3430.0,3530.0,3530.0,8.0
2016-04-25,3410.0,3410.0,3250.0,3250.0,3250.0,15.0
2016-05-05,2740.0,3070.0,2730.0,2870.0,2870.0,54.0
2016-05-10,2640.0,2680.0,2530.0,2580.0,2580.0,35.0
2016-05-20,850.0,890.0,370.0,460.0,460.0,5980.0
2016-05-25,460.0,460.0,410.0,430.0,430.0,837.0
2016-06-09,440.0,450.0,420.0,430.0,430.0,680.0
2016-06-14,430.0,430.0,390.0,400.0,400.0,390.0
2016-06-24,490.0,530.0,480.0,500.0,500.0,1800.0
2016-06-29,600.0,620.0,500.0,530.0,530.0,2536.0
2016-07-14,490.0,490.0,460.0,470.0,470.0,604.0
2016-07-19,470.0,470.0,450.0,460.0,460.0,378.0
2016-07-29,550.0,630.0,510.0,540.0,540.0,3963.0
2016-08-03,550.0,790.0,540.0,770.0,770.0,9756.0
2016-08-08,730.0,880.0,690.0,800.0,800.0,5128.0
2016-08-18,600.0,600.0,560.0,570.0,570.0,973.0
2016-08-23,590.0,610.0,570.0,590.0,590.0,460.0
2016-09-02,580.0,580.0,570.0,580.0,580.0,242.0
2016-09-07,590.0,620.0,580.0,620.0,620.0,580.0
2016-09-12,570.0,600.0,560.0,570.0,570.0,376.0
2016-09-22,540.0,560.0,530.0,540.0,540.0,394.0
2016-09-27,540.0,560.0,490.0,540.0,540.0,402.0
2016-10-07,500.0,510.0,470.0,480.0,480.0,203.0
2016-10-12,480.0,480.0,470.0,480.0,480.0,121.0
2016-10-17,530.0,620.0,520.0,540.0,540.0,1183.0
2016-10-27,650.0,680.0,600.0,680.0,680.0,2197.0
2016-11-01,580.0,820.0,530.0,640.0,640.0,14128.0
2016-11-11,560.0,560.0,510.0,550.0,550.0,686.0
2016-11-16,500.0,520.0,490.0,500.0,500.0,873.0
2016-11-21,490.0,510.0,480.0,500.0,500.0,462.0
2016-12-01,550.0,550.0,510.0,510.0,510.0,366.0
2016-12-06,1770.0,3340.0,1620.0,2420.0,2420.0,108423.0
2016-12-16,2060.0,2160.0,1580.0,1900.0,1900.0,3334.0
2016-12-21,1800.0,1820.0,1660.0,1720.0,1720.0,1135.0
2017-01-05,1890.0,1910.0,1810.0,1840.0,1840.0,570.0
2017-01-10,2090.0,2140.0,1920.0,1950.0,1950.0,1534.0
2017-01-20,1640.0,1700.0,1530.0,1630.0,1630.0,808.0
2017-01-25,1500.0,1630.0,1500.0,1530.0,1530.0,542.0
2017-01-30,1480.0,1480.0,1270.0,1280.0,1280.0,975.0
2017-02-09,1330.0,1380.0,1320.0,1360.0,1360.0,394.0
2017-02-14,1390.0,1420.0,1370.0,1400.0,1400.0,290.0
2017-02-24,1320.0,1360.0,1290.0,1340.0,1340.0,142.0
2017-03-01,1380.0,1380.0,1310.0,1350.0,1350.0,256.0
2017-03-06,1320.0,1350.0,1300.0,1340.0,1340.0,224.0
2017-03-16,1640.0,1650.0,1530.0,1620.0,1620.0,492.0
2017-03-21,1910.0,1990.0,1710.0,1770.0,1770.0,1159.0
2017-03-31,1620.0,1640.0,1440.0,1530.0,1530.0,1333.0
2017-04-05,1540.0,1850.0,1510.0,1720.0,1720.0,4867.0
2017-04-10,1650.0,1800.0,1650.0,1720.0,1720.0,1015.0
2017-04-20,1660.0,1710.0,1660.0,1690.0,1690.0,381.0
2017-04-25,1610.0,1650.0,1600.0,1610.0,1610.0,235.0
2017-05-05,1470.0,1550.0,1460.0,1510.0,1510.0,95.0
2017-05-10,1700.0,1730.0,1610.0,1650.0,1650.0,601.0
2017-05-15,1430.0,1450.0,1380.0,1390.0,1390.0,201.0
2017-05-25,1530.0,1530.0,1410.0,1440.0,1440.0,193.0
2017-05-30,1440.0,1480.0,1420.0,1470.0,1470.0,107.0
2017-06-09,1530.0,1560.0,1470.0,1500.0,1500.0,157.0
2017-06-14,1500.0,1580.0,1500.0,1510.0,1510.0,74.0
2017-06-19,1420.0,1540.0,1400.0,1540.0,1540.0,305.0
2017-06-29,1420.0,1440.0,1370.0,1400.0,1400.0,106.0
2017-07-14,1320.0,1380.0,1240.0,1310.0,1310.0,114.0
2017-07-19,1330.0,1330.0,1250.0,1260.0,1260.0,131.0
2017-07-24,1250.0,1260.0,960.0,1100.0,1100.0,918.0
2017-08-03,1090.0,1120.0,1060.0,1080.0,1080.0,164.0
2017-08-08,1090.0,1180.0,1080.0,1160.0,1160.0,121.0
2017-08-18,1010.0,1030.0,960.0,970.0,970.0,124.0
2017-08-23,720.0,860.0,710.0,830.0,830.0,484.0
2017-08-28,750.0,830.0,750.0,780.0,780.0,110.0
2017-09-07,1260.0,1300.0,1180.0,1200.0,1200.0,428.0
2017-09-12,1350.0,1350.0,1200.0,1240.0,1240.0,361.0
2017-09-22,1620.0,1800.0,1550.0,1730.0,1730.0,287.0
2017-09-27,1680.0,1680.0,1580.0,1650.0,1650.0,148.0
2017-10-02,1720.0,1720.0,1680.0,1680.0,1680.0,126.0
2017-10-12,1650.0,1660.0,1600.0,1630.0,1630.0,167.0
2017-10-17,1600.0,1630.0,1600.0,1630.0,1630.0,87.0
2017-10-27,1670.0,1670.0,1470.0,1540.0,1540.0,142.0
2017-11-01,1470.0,1470.0,1420.0,1450.0,1450.0,47.0
2017-11-06,1490.0,1490.0,1360.0,1490.0,1490.0,563.0
2017-11-16,790.0,840.0,780.0,800.0,800.0,483.0
2017-11-21,850.0,870.0,830.0,840.0,840.0,277.0
2017-12-01,800.0,800.0,760.0,780.0,780.0,306.0
2017-12-06,780.0,790.0,710.0,720.0,720.0,379.0
2017-12-11,730.0,750.0,670.0,690.0,690.0,296.0
2017-12-21,610.0,610.0,580.0,610.0,610.0,549.0
2017-12-26,650.0,650.0,600.0,620.0,620.0,218.0
2018-01-05,580.0,590.0,560.0,560.0,560.0,606.0
2018-01-10,550.0,560.0,520.0,520.0,520.0,905.0
2018-01-25,610.0,630.0,560.0,570.0,570.0,1439.0
2018-01-30,580.0,600.0,530.0,550.0,550.0,1295.0
2018-02-09,390.0,390.0,320.0,340.0,340.0,3362.0
2018-02-14,330.0,330.0,260.0,280.0,280.0,8140.0
2018-03-01,250.0,280.0,200.0,210.0,210.0,17947.0
2018-03-06,200.0,210.0,190.0,190.0,190.0,22885.0
2018-03-16,110.0,140.0,100.0,130.0,130.0,105804.0
2018-03-21,110.0,120.0,100.0,110.0,110.0,63465.0
2018-03-26,110.0,110.0,110.0,110.0,110.0,40127.0
2018-04-05,40.0,50.0,40.0,40.0,40.0,202662.0
2018-04-10,60.0,60.0,50.0,50.0,50.0,228257.0
2018-04-20,50.0,50.0,50.0,50.0,50.0,48860.0
2018-04-25,50.0,50.0,50.0,50.0,50.0,66732.0
2018-04-30,40.0,40.0,40.0,40.0,40.0,92702.0
2018-05-10,50.0,50.0,40.0,50.0,50.0,168530.0
2018-05-15,40.0,40.0,30.0,30.0,30.0,112892.0
2018-05-25,40.0,40.0,40.0,40.0,40.0,146401.0
2018-05-30,40.0,40.0,30.0,40.0,40.0,42440.0
2018-06-04,30.0,40.0,30.0,40.0,40.0,28858.0
2018-06-14,30.0,30.0,30.0,30.0,30.0,9643.0
2018-06-19,30.0,30.0,30.0,30.0,30.0,18272.0
2018-06-29,40.0,40.0,40.0,40.0,40.0,24804.0
2018-07-09,40.0,40.0,40.0,40.0,40.0,25116.0
2018-07-19,30.0,40.0,30.0,40.0,40.0,18213.0
2018-07-24,30.0,40.0,30.0,30.0,30.0,7515.0
2018-08-03,30.0,30.0,30.0,30.0,30.0,15091.0
2018-08-08,40.0,40.0,40.0,40.0,40.0,24491.0
2018-08-13,40.0,40.0,30.0,40.0,40.0,14531.0
2018-08-23,40.0,40.0,30.0,30.0,30.0,6938.0
2018-08-28,40.0,40.0,40.0,40.0,40.0,9500.0
2018-09-07,40.0,40.0,40.0,40.0,40.0,8882.0
2018-09-12,30.0,30.0,30.0,30.0,30.0,22937.0
2018-09-17,30.0,30.0,20.0,20.0,20.0,25694.0
2018-09-27,28.299999237060547,30.700000762939453,27.700000762939453,28.5,28.5,116040.0
2018-10-02,24.700000762939453,24.700000762939453,22.100000381469727,22.5,22.5,98430.0
2018-10-12,27.5,28.200000762939453,25.299999237060547,26.600000381469727,26.600000381469727,138450.0
2018-10-17,25.0,25.100000381469727,23.399999618530273,23.700000762939453,23.700000762939453,120850.0
2018-10-22,21.700000762939453,22.0,19.399999618530273,19.5,19.5,225260.0
2018-11-01,18.299999237060547,19.299999237060547,18.200000762939453,19.0,19.0,41940.0
2018-11-06,22.399999618530273,22.5,19.700000762939453,19.700000762939453,19.700000762939453,91480.0
2018-11-16,14.899999618530273,15.100000381469727,14.0,14.100000381469727,14.100000381469727,41600.0
2018-11-21,11.699999809265137,12.300000190734863,11.399999618530273,11.5,11.5,64630.0
2018-11-26,11.600000381469727,11.899999618530273,10.800000190734863,10.800000190734863,10.800000190734863,88830.0
2018-12-06,8.199999809265137,8.300000190734863,7.599999904632568,7.900000095367432,7.900000095367432,59390.0
2018-12-11,8.699999809265137,8.899999618530273,7.699999809265137,7.800000190734863,7.800000190734863,188750.0
2018-12-21,5.5,8.800000190734863,5.0,7.0,7.0,306320.0
2018-12-26,5.900000095367432,6.599999904632568,5.599999904632568,5.900000095367432,5.900000095367432,71380.0
2018-12-31,6.199999809265137,6.5,5.900000095367432,6.0,6.0,51080.0
2019-01-10,6.5,6.599999904632568,5.900000095367432,6.199999809265137,6.199999809265137,107750.0
2019-01-15,5.900000095367432,6.199999809265137,5.900000095367432,6.199999809265137,6.199999809265137,48190.0
2019-01-25,7.199999809265137,7.300000190734863,6.699999809265137,6.900000095367432,6.900000095367432,119710.0
2019-01-30,7.300000190734863,7.699999809265137,7.099999904632568,7.5,7.5,143160.0
2019-02-04,7.300000190734863,7.5,7.099999904632568,7.199999809265137,7.199999809265137,71730.0
2019-02-14,7.0,7.099999904632568,6.800000190734863,6.800000190734863,6.800000190734863,62970.0
2019-02-19,6.900000095367432,6.900000095367432,6.800000190734863,6.800000190734863,6.800000190734863,39010.0
2019-03-01,5.199999809265137,5.400000095367432,4.599999904632568,4.900000095367432,4.900000095367432,192390.0
2019-03-06,5.699999809265137,5.800000190734863,5.099999904632568,5.300000190734863,5.300000190734863,221070.0
2019-03-11,5.300000190734863,5.300000190734863,5.0,5.300000190734863,5.300000190734863,52210.0
2019-03-21,5.300000190734863,5.599999904632568,4.599999904632568,4.699999809265137,4.699999809265137,1226930.0
2019-03-26,4.099999904632568,4.300000190734863,4.0,4.099999904632568,4.099999904632568,80710.0
2019-04-05,4.5,4.5,4.199999809265137,4.300000190734863,4.300000190734863,95090.0
2019-04-10,4.400000095367432,4.400000095367432,4.300000190734863,4.300000190734863,4.300000190734863,36170.0
2019-04-15,4.400000095367432,4.400000095367432,3.9000000953674316,4.300000190734863,4.300000190734863,93190.0
2019-04-25,5.199999809265137,5.300000190734863,4.900000095367432,5.0,5.0,80420.0
2019-04-30,5.099999904632568,5.099999904632568,4.900000095367432,4.900000095367432,4.900000095367432,43220.0
2019-05-10,5.099999904632568,5.300000190734863,4.699999809265137,5.099999904632568,5.099999904632568,256790.0
2019-05-15,5.0,5.099999904632568,4.800000190734863,5.0,5.0,61300.0
2019-05-20,4.900000095367432,4.900000095367432,4.699999809265137,4.699999809265137,4.699999809265137,68850.0
2019-05-30,5.0,5.099999904632568,4.900000095367432,5.0,5.0,160090.0
2019-06-04,5.0,5.5,4.800000190734863,5.0,5.0,490130.0
2019-06-14,5.0,5.199999809265137,5.0,5.099999904632568,5.099999904632568,110140.0
2019-06-19,5.300000190734863,5.599999904632568,5.300000190734863,5.400000095367432,5.400000095367432,214250.0
2019-06-24,5.400000095367432,6.099999904632568,5.400000095367432,6.0,6.0,276000.0
2019-07-09,4.730000019073486,4.840000152587891,4.679999828338623,4.690000057220459,4.690000057220459,99800.0
2019-07-19,3.759999990463257,3.8299999237060547,3.690000057220459,3.7200000286102295,3.7200000286102295,91100.0
2019-07-24,3.0899999141693115,3.140000104904175,2.799999952316284,2.940000057220459,2.940000057220459,187000.0
2019-07-29,2.700000047683716,2.7100000381469727,2.3399999141693115,2.619999885559082,2.619999885559082,205800.0
2019-08-08,3.0,3.0999999046325684,2.8399999141693115,2.859999895095825,2.859999895095825,90300.0
2019-08-13,3.009999990463257,3.049999952316284,2.8299999237060547,2.8499999046325684,2.8499999046325684,63000.0
2019-08-23,2.940000057220459,3.009999990463257,2.809999942779541,2.869999885559082,2.869999885559082,46500.0
2019-08-28,2.869999885559082,3.0,2.7899999618530273,2.930000066757202,2.930000066757202,48100.0
2019-09-12,3.8299999237060547,4.099999904632568,3.690000057220459,3.9700000286102295,3.9700000286102295,94900.0
2019-09-17,4.010000228881836,4.159999847412109,4.010000228881836,4.079999923706055,4.079999923706055,55400.0
2019-09-27,3.7799999713897705,4.28000020980835,3.6500000953674316,3.9100000858306885,3.9100000858306885,141700.0
2019-10-02,3.6700000762939453,3.7300000190734863,3.509999990463257,3.5899999141693115,3.5899999141693115,46000.0
2019-10-07,3.5799999237060547,3.5999999046325684,3.4800000190734863,3.569999933242798,3.569999933242798,20900.0
2019-10-17,3.490000009536743,3.700000047683716,3.490000009536743,3.619999885559082,3.619999885559082,35700.0
2019-10-22,3.75,3.7799999713897705,3.630000114440918,3.680000066757202,3.680000066757202,27400.0
2019-11-01,3.950000047683716,3.950000047683716,3.700000047683716,3.7200000286102295,3.7200000286102295,50100.0
2019-11-06,3.7100000381469727,3.799999952316284,3.640000104904175,3.799999952316284,3.799999952316284,16600.0
2019-11-11,3.4100000858306885,3.4100000858306885,3.0,3.200000047683716,3.200000047683716,46700.0
2019-11-21,2.809999942779541,2.890000104904175,2.809999942779541,2.859999895095825,2.859999895095825,28200.0
2019-11-26,3.0,3.0,2.890000104904175,2.890000104904175,2.890000104904175,27400.0
2019-12-06,2.9200000762939453,3.0199999809265137,2.9100000858306885,2.9600000381469727,2.9600000381469727,29100.0
2019-12-11,2.9800000190734863,3.380000114440918,2.950000047683716,3.2899999618530273,3.2899999618530273,124700.0
2019-12-16,3.309999942779541,3.4800000190734863,3.1500000953674316,3.1500000953674316,3.1500000953674316,18500.0
2019-12-26,3.5199999809265137,3.5799999237060547,3.4600000381469727,3.5199999809265137,3.5199999809265137,16600.0
2019-12-31,7.989999771118164,8.649999618530273,5.289999961853027,5.409999847412109,5.409999847412109,20644900.0
2020-01-10,3.240000009536743,3.25,3.140000104904175,3.1700000762939453,3.1700000762939453,210100.0
2020-01-15,3.380000114440918,3.4200000762939453,3.049999952316284,3.130000114440918,3.130000114440918,3928600.0
2020-01-30,3.1500000953674316,3.240000009536743,3.1500000953674316,3.2300000190734863,3.2300000190734863,238800.0
2020-02-04,2.799999952316284,2.859999895095825,2.4700000286102295,2.559999942779541,2.559999942779541,797200.0
2020-02-14,2.630000114440918,2.7200000286102295,2.559999942779541,2.609999895095825,2.609999895095825,99800.0
2020-02-19,2.700000047683716,2.9200000762939453,2.700000047683716,2.8499999046325684,2.8499999046325684,304200.0
2020-02-24,3.049999952316284,3.049999952316284,2.7699999809265137,2.890000104904175,2.890000104904175,90600.0
2020-03-05,2.8299999237060547,2.869999885559082,2.700000047683716,2.7200000286102295,2.7200000286102295,49800.0
2020-03-10,2.490000009536743,2.490000009536743,2.180000066757202,2.4000000953674316,2.4000000953674316,115600.0
2020-03-20,1.840000033378601,1.840000033378601,1.6799999475479126,1.7300000190734863,1.7300000190734863,63000.0
2020-03-25,1.5,1.7799999713897705,1.5,1.7300000190734863,1.7300000190734863,125300.0
2020-03-30,1.649999976158142,1.7799999713897705,1.5199999809265137,1.600000023841858,1.600000023841858,197900.0
2020-04-09,1.5499999523162842,1.7799999713897705,1.5499999523162842,1.659999966621399,1.659999966621399,127800.0
2020-04-14,2.0,3.880000114440918,2.0,2.369999885559082,2.369999885559082,4909100.0
2020-04-24,2.5199999809265137,2.549999952316284,2.450000047683716,2.450000047683716,2.450000047683716,77200.0
2020-04-29,2.5,2.8499999046325684,2.4200000762939453,2.680000066757202,2.680000066757202,311700.0
2020-05-04,2.5,2.609999895095825,2.440000057220459,2.5299999713897705,2.5299999713897705,106000.0
2020-05-14,2.4700000286102295,2.5999999046325684,2.3499999046325684,2.549999952316284,2.549999952316284,65200.0
2020-05-19,2.5,2.7200000286102295,2.4800000190734863,2.5799999237060547,2.5799999237060547,85400.0
2020-05-29,2.9100000858306885,2.9100000858306885,2.7699999809265137,2.880000114440918,2.880000114440918,134700.0
2020-06-03,3.2899999618530273,3.319999933242798,3.0999999046325684,3.2899999618530273,3.2899999618530273,196100.0
2020-06-08,3.2899999618530273,3.3499999046325684,3.119999885559082,3.2300000190734863,3.2300000190734863,156800.0
2020-06-18,2.450000047683716,2.509999990463257,2.380000114440918,2.390000104904175,2.390000104904175,644600.0
2020-06-23,2.4000000953674316,2.4200000762939453,2.319999933242798,2.319999933242798,2.319999933242798,287800.0
2020-07-08,2.440000057220459,2.4800000190734863,2.4000000953674316,2.4700000286102295,2.4700000286102295,85200.0
2020-07-13,2.3499999046325684,2.4100000858306885,2.2300000190734863,2.2799999713897705,2.2799999713897705,192200.0
2020-07-23,2.490000009536743,2.6600000858306885,2.4800000190734863,2.5399999618530273,2.5399999618530273,308700.0
2020-07-28,2.690000057220459,2.700000047683716,2.5799999237060547,2.609999895095825,2.609999895095825,117400.0
2020-08-07,2.5,2.8499999046325684,2.4200000762939453,2.700000047683716,2.700000047683716,574900.0
2020-08-12,2.3399999141693115,2.3399999141693115,2.25,2.2699999809265137,2.2699999809265137,354900.0
2020-08-17,2.1600000858306885,2.180000066757202,2.0999999046325684,2.130000114440918,2.130000114440918,201500.0
2020-08-27,2.130000114440918,2.2100000381469727,2.0999999046325684,2.140000104904175,2.140000104904175,290300.0
2020-09-01,2.1600000858306885,2.299999952316284,2.0799999237060547,2.25,2.25,499200.0
2020-09-11,2.119999885559082,2.1600000858306885,2.0999999046325684,2.130000114440918,2.130000114440918,57000.0
2020-09-16,2.0899999141693115,2.1600000858306885,2.0899999141693115,2.119999885559082,2.119999885559082,128300.0
2020-09-21,2.180000066757202,2.180000066757202,2.0999999046325684,2.109999895095825,2.109999895095825,100100.0
2020-10-01,2.1600000858306885,2.2200000286102295,2.140000104904175,2.200000047683716,2.200000047683716,116700.0
2020-10-06,2.200000047683716,2.2200000286102295,2.140000104904175,2.1700000762939453,2.1700000762939453,109400.0
2020-10-16,2.5899999141693115,2.5999999046325684,2.450000047683716,2.5199999809265137,2.5199999809265137,324700.0
2020-10-21,2.490000009536743,2.5,2.3299999237060547,2.380000114440918,2.380000114440918,451700.0
2020-10-26,2.0299999713897705,2.069999933242798,1.9500000476837158,1.9900000095367432,1.9900000095367432,571100.0
2020-11-05,0.8199999928474426,0.8899999856948853,0.7900000214576721,0.8299999833106995,0.8299999833106995,989000.0
2020-11-10,0.8899999856948853,0.8899999856948853,0.7900000214576721,0.800000011920929,0.800000011920929,458000.0
2020-11-20,0.8500000238418579,0.8700000047683716,0.8100000023841858,0.8700000047683716,0.8700000047683716,388200.0
2020-11-25,0.8399999737739563,0.8500000238418579,0.8100000023841858,0.8199999928474426,0.8199999928474426,312400.0
2020-11-30,0.8500000238418579,0.8899999856948853,0.8299999833106995,0.8700000047683716,0.8700000047683716,463100.0
2020-12-10,0.7699999809265137,0.7699999809265137,0.7300000190734863,0.7400000095367432,0.7400000095367432,1340900.0
2020-12-15,0.7400000095367432,0.7900000214576721,0.7200000286102295,0.7799999713897705,0.7799999713897705,3093500.0
2020-12-30,0.9900000095367432,1.0,0.949999988079071,0.9700000286102295,0.9700000286102295,655800.0
2021-01-04,0.949999988079071,0.9599999785423279,0.8899999856948853,0.9399999976158142,0.9399999976158142,1208600.0
2021-01-14,1.1299999952316284,1.2000000476837158,1.1100000143051147,1.190000057220459,1.190000057220459,1100800.0
2021-01-19,0.9800000190734863,1.1699999570846558,0.9700000286102295,1.100000023841858,1.100000023841858,4512400.0
2021-01-29,1.25,1.2999999523162842,1.1699999570846558,1.190000057220459,1.190000057220459,1516300.0
2021-02-03,1.2899999618530273,1.350000023841858,1.25,1.3200000524520874,1.3200000524520874,1357500.0
2021-02-08,1.3700000047683716,1.5,1.3600000143051147,1.4800000190734863,1.4800000190734863,1269300.0
2021-02-18,1.9900000095367432,2.0399999618530273,1.8300000429153442,1.9299999475479126,1.9299999475479126,8172700.0
2021-02-23,1.649999976158142,1.659999966621399,1.2899999618530273,1.5499999523162842,1.5499999523162842,9449100.0
2021-03-05,1.1200000047683716,1.2100000381469727,0.9300000071525574,1.190000057220459,1.190000057220459,4944700.0
2021-03-10,1.409999966621399,1.4299999475479126,1.2300000190734863,1.2400000095367432,1.2400000095367432,3230500.0
2021-03-15,1.350000023841858,1.4500000476837158,1.3200000524520874,1.3799999952316284,1.3799999952316284,2517600.0
2021-03-25,1.0399999618530273,1.1299999952316284,1.0099999904632568,1.1299999952316284,1.1299999952316284,2243500.0
2021-03-30,1.0499999523162842,1.0800000429153442,1.0199999809265137,1.0499999523162842,1.0499999523162842,1376600.0
2021-04-09,1.0299999713897705,1.0299999713897705,1.0099999904632568,1.0099999904632568,1.0099999904632568,667400.0
2021-04-14,0.9300000071525574,0.949999988079071,0.9200000166893005,0.9200000166893005,0.9200000166893005,1426800.0
2021-04-19,0.7900000214576721,0.8100000023841858,0.7699999809265137,0.8100000023841858,0.8100000023841858,1235900.0
2021-04-29,0.9900000095367432,0.9900000095367432,0.9599999785423279,0.9700000286102295,0.9700000286102295,527100.0
2021-05-04,0.9399999976158142,0.949999988079071,0.8999999761581421,0.9200000166893005,0.9200000166893005,1487600.0
2021-05-11,0.7900000214576721,0.8328999876976013,0.7720000147819519,0.8223000168800354,0.8223000168800354,860143.0
